{
	"FRU0":{
		"Chassis_Type":{
			"Length": "1", 
			"Offset": "0x0A", 
			"Type": "1"
		},
		"Chassis_PartNumber":{
			"Length": "20", 
			"Offset": "0x0C", 
			"Type": "0"
		},
		"Chassis_SerialNumber":{
			"Length": "20", 
			"Offset": "0x21", 
			"Type": "0"
		},
		"Board_MfgDateTime":{
			"Length": "3", 
			"Offset": "0x8B", 
			"Type": "0"
		},
		"Board_Manufacturer":{
			"Length": "20", 
			"Offset": "0x8F", 
			"Type": "0"
		},
		"Board_ProductName":{
			"Length": "20", 
			"Offset": "0xA4", 
			"Type": "0"
		},
		"Board_SerialNumber":{
			"Length": "20", 
			"Offset": "0xB9", 
			"Type": "0"
		},
		"Board_PartNumber":{
			"Length": "20", 
			"Offset": "0xCE", 
			"Type": "0"
		},
		"Board_HWRevision":{
			"Length": "1", 
			"Offset": "0xF1", 
			"Type": "1"
		},
		"Board_EthernetMAC1":{
			"Length": "6", 
			"Offset": "0x104", 
			"Type": "2"
		},
		"Board_EthernetMAC2":{
			"Length": "6", 
			"Offset": "0x11C", 
			"Type": "2"
		},
		"Product_Manufacturer":{
			"Length": "20", 
			"Offset": "0x18C", 
			"Type": "0"
		},
		"Product_ProductName":{
			"Length": "48", 
			"Offset": "0x1A1", 
			"Type": "0"
		},
		"Product_PartNumber":{
			"Length": "20", 
			"Offset": "0x1D2", 
			"Type": "0"
		},
		"Product_Version":{
			"Length": "2", 
			"Offset": "0x1E7", 
			"Type": "0"
		},
		"Product_SerialNumber":{
			"Length": "20", 
			"Offset": "0x1EA", 
			"Type": "0"
		},
		"Product_AssetTag":{
			"Length": "20", 
			"Offset": "0x1FF", 
			"Type": "0"
		},
		"Product_SystemUUID":{
			"Length": "16", 
			"Offset": "0x22E", 
			"Type": "1"
		},
		"Product_SKU_ID":{
			"Length": "1", 
			"Offset": "0x246", 
			"Type": "1"
		}
	}
}
